[{"pk": 1, "model": "contenttypes.contenttype", "fields": {"model": "logentry", "name": "log entry", "app_label": "admin"}}, {"pk": 2, "model": "contenttypes.contenttype", "fields": {"model": "permission", "name": "permission", "app_label": "auth"}}, {"pk": 3, "model": "contenttypes.contenttype", "fields": {"model": "group", "name": "group", "app_label": "auth"}}, {"pk": 4, "model": "contenttypes.contenttype", "fields": {"model": "user", "name": "user", "app_label": "auth"}}, {"pk": 5, "model": "contenttypes.contenttype", "fields": {"model": "contenttype", "name": "content type", "app_label": "contenttypes"}}, {"pk": 6, "model": "contenttypes.contenttype", "fields": {"model": "session", "name": "session", "app_label": "sessions"}}, {"pk": 7, "model": "contenttypes.contenttype", "fields": {"model": "poll", "name": "poll", "app_label": "polls"}}, {"pk": 8, "model": "contenttypes.contenttype", "fields": {"model": "choice", "name": "choice", "app_label": "polls"}}, {"pk": 9, "model": "contenttypes.contenttype", "fields": {"model": "source", "name": "source", "app_label": "easy_thumbnails"}}, {"pk": 10, "model": "contenttypes.contenttype", "fields": {"model": "thumbnail", "name": "thumbnail", "app_label": "easy_thumbnails"}}, {"pk": 11, "model": "contenttypes.contenttype", "fields": {"model": "contentitem", "name": "content item", "app_label": "fiber"}}, {"pk": 12, "model": "contenttypes.contenttype", "fields": {"model": "page", "name": "page", "app_label": "fiber"}}, {"pk": 13, "model": "contenttypes.contenttype", "fields": {"model": "pagecontentitem", "name": "page content item", "app_label": "fiber"}}, {"pk": 14, "model": "contenttypes.contenttype", "fields": {"model": "image", "name": "image", "app_label": "fiber"}}, {"pk": 15, "model": "contenttypes.contenttype", "fields": {"model": "file", "name": "file", "app_label": "fiber"}}, {"pk": "0d0zu5qoy3qs14bejg85ya138yoyubk4", "model": "sessions.session", "fields": {"expire_date": "2014-02-18T19:28:49.253Z", "session_data": "ZTVjODY0NWY1ZTI2MDcyZDRmMjNjNGQ4NjdmZTFlMzgyMDViNDI1Mzp7Il9hdXRoX3VzZXJfYmFja2VuZCI6ImRqYW5nby5jb250cmliLmF1dGguYmFja2VuZHMuTW9kZWxCYWNrZW5kIiwiX2F1dGhfdXNlcl9pZCI6Mn0="}}, {"pk": "0s4sljs9w9g51fmufgbaxspjk8plpbo6", "model": "sessions.session", "fields": {"expire_date": "2013-12-25T03:52:25.243Z", "session_data": "MmVjZDA3Y2JhODIxNzI1ZGY1MjA2Y2E3ZTllZDIwOWQ5NjdjYzA5OTp7Il9hdXRoX3VzZXJfYmFja2VuZCI6ImRqYW5nby5jb250cmliLmF1dGguYmFja2VuZHMuTW9kZWxCYWNrZW5kIiwiX2F1dGhfdXNlcl9pZCI6MX0="}}, {"pk": "1fnubw38h1hs88lsilp8w6vcz3kgndtz", "model": "sessions.session", "fields": {"expire_date": "2014-02-04T02:03:09.788Z", "session_data": "MmVjZDA3Y2JhODIxNzI1ZGY1MjA2Y2E3ZTllZDIwOWQ5NjdjYzA5OTp7Il9hdXRoX3VzZXJfYmFja2VuZCI6ImRqYW5nby5jb250cmliLmF1dGguYmFja2VuZHMuTW9kZWxCYWNrZW5kIiwiX2F1dGhfdXNlcl9pZCI6MX0="}}, {"pk": "c17u5tizlyfglvyao3dsri1mven53iqs", "model": "sessions.session", "fields": {"expire_date": "2014-02-15T18:49:10.307Z", "session_data": "ZTVjODY0NWY1ZTI2MDcyZDRmMjNjNGQ4NjdmZTFlMzgyMDViNDI1Mzp7Il9hdXRoX3VzZXJfYmFja2VuZCI6ImRqYW5nby5jb250cmliLmF1dGguYmFja2VuZHMuTW9kZWxCYWNrZW5kIiwiX2F1dGhfdXNlcl9pZCI6Mn0="}}, {"pk": "d3mduir77rm9mju03xbc1qpn836hkgb1", "model": "sessions.session", "fields": {"expire_date": "2014-02-18T19:37:23.764Z", "session_data": "ZTVjODY0NWY1ZTI2MDcyZDRmMjNjNGQ4NjdmZTFlMzgyMDViNDI1Mzp7Il9hdXRoX3VzZXJfYmFja2VuZCI6ImRqYW5nby5jb250cmliLmF1dGguYmFja2VuZHMuTW9kZWxCYWNrZW5kIiwiX2F1dGhfdXNlcl9pZCI6Mn0="}}, {"pk": "gos4atec9f8ihbzncer52noaquviv5sp", "model": "sessions.session", "fields": {"expire_date": "2014-02-18T20:15:11.367Z", "session_data": "MWFhYjAyZDRiODEyNjFiYmEwZWMxOGIwMDVjMzViZTBmZTIzMDZhYjp7fQ=="}}, {"pk": "mhianbzvazcuyd4v6ipxkfckckftg63m", "model": "sessions.session", "fields": {"expire_date": "2014-02-06T22:01:11.365Z", "session_data": "MmVjZDA3Y2JhODIxNzI1ZGY1MjA2Y2E3ZTllZDIwOWQ5NjdjYzA5OTp7Il9hdXRoX3VzZXJfYmFja2VuZCI6ImRqYW5nby5jb250cmliLmF1dGguYmFja2VuZHMuTW9kZWxCYWNrZW5kIiwiX2F1dGhfdXNlcl9pZCI6MX0="}}, {"pk": "nt4rjbxvwijqxlxf8tmractikmsesyvo", "model": "sessions.session", "fields": {"expire_date": "2014-02-18T19:32:53.015Z", "session_data": "ZTVjODY0NWY1ZTI2MDcyZDRmMjNjNGQ4NjdmZTFlMzgyMDViNDI1Mzp7Il9hdXRoX3VzZXJfYmFja2VuZCI6ImRqYW5nby5jb250cmliLmF1dGguYmFja2VuZHMuTW9kZWxCYWNrZW5kIiwiX2F1dGhfdXNlcl9pZCI6Mn0="}}, {"pk": "q8lwnrpns9o33hpmavnf187581yp3ofs", "model": "sessions.session", "fields": {"expire_date": "2014-02-18T19:27:34.468Z", "session_data": "MWFhYjAyZDRiODEyNjFiYmEwZWMxOGIwMDVjMzViZTBmZTIzMDZhYjp7fQ=="}}, {"pk": "rzevn3ifs4xo6wsaozhoo4a6dkml2wn7", "model": "sessions.session", "fields": {"expire_date": "2014-02-18T20:12:53.915Z", "session_data": "MWFhYjAyZDRiODEyNjFiYmEwZWMxOGIwMDVjMzViZTBmZTIzMDZhYjp7fQ=="}}, {"pk": "wepcfhzwmzsp8s239z1qkltnlnc2yu58", "model": "sessions.session", "fields": {"expire_date": "2014-02-18T23:11:30.991Z", "session_data": "ZTVjODY0NWY1ZTI2MDcyZDRmMjNjNGQ4NjdmZTFlMzgyMDViNDI1Mzp7Il9hdXRoX3VzZXJfYmFja2VuZCI6ImRqYW5nby5jb250cmliLmF1dGguYmFja2VuZHMuTW9kZWxCYWNrZW5kIiwiX2F1dGhfdXNlcl9pZCI6Mn0="}}, {"pk": "zxp386xxehnzeoelt0g0zlx6lfztamwr", "model": "sessions.session", "fields": {"expire_date": "2014-02-18T20:12:15.307Z", "session_data": "MWFhYjAyZDRiODEyNjFiYmEwZWMxOGIwMDVjMzViZTBmZTIzMDZhYjp7fQ=="}}, {"pk": 1, "model": "fiber.contentitem", "fields": {"content_markup": "", "updated": "2014-02-04T20:26:29.524Z", "name": "home_col1_title", "created": "2014-02-04T20:26:29.524Z", "template_name": "", "used_on_pages_data": null, "protected": false, "content_html": "<p>About PaleoCore</p>\r\n", "metadata": null}}, {"pk": 2, "model": "fiber.contentitem", "fields": {"content_markup": "", "updated": "2014-02-04T20:27:45.312Z", "name": "home_col1_stub", "created": "2014-02-04T20:27:45.312Z", "template_name": "", "used_on_pages_data": null, "protected": false, "content_html": "<p>PaleoCore is an initiative to develop data standards and digital infrastructure for paleoanthropology. PaleoCore addresses the common scientific challenge of merging results from independent research programs in order to conduct broad, synthetic analyses. Learn More...</p>", "metadata": null}}, {"pk": 3, "model": "fiber.contentitem", "fields": {"content_markup": "", "updated": "2014-02-04T22:53:29.256Z", "name": "address", "created": "2014-02-04T20:29:41.675Z", "template_name": "", "used_on_pages_data": "[{\"url\": \"/\", \"title\": \"Home\"}]", "protected": false, "content_html": "<p>Example Address Content<br />\r\n2201 Speedway Stop 3200<br />\r\nAustin, TX 78712</p>\r\n", "metadata": null}}, {"pk": 4, "model": "fiber.contentitem", "fields": {"content_markup": "", "updated": "2014-02-04T23:13:38.514Z", "name": "home_content", "created": "2014-02-04T20:46:13.420Z", "template_name": "", "used_on_pages_data": "[{\"url\": \"/\", \"title\": \"Home\"}]", "protected": false, "content_html": "<p>Main content for the home page. This is a django fiber demo site. This content block is called &quot;home content&quot; and it plugs into the &quot;main&quot; hook of the &quot;show_fiber_page&quot; template tag. Most of the content appearing on this page is dynamically generated from the fiber page tree including the navigation links at the top, the bread crumbs and all the content blocks. The only hard coded content is the &quot;PaleoCore Fiber Example&quot; title in the logo tag at the top.</p>\r\n\r\n<p>The polls link in the navigation takes you directly to the polls app which is completely independent of fiber. Creating the polls link was as simple as adding a new page in the directory tree and setting the url to polls. This url gets caught by the polls app before it goes to fiber.</p>\r\n\r\n<p>Text form the <a href=\"http://slipsum.com/\">Samuel L. Ipsum generator</a>.&nbsp;The path of the righteous man is beset on all sides by the iniquities of the selfish and the tyranny of evil men. Blessed is he who, in the name of charity and good will, shepherds the weak through the valley of darkness, for he is truly his brother&#39;s keeper and the finder of lost children. And I will strike down upon thee with great vengeance and furious anger those who would attempt to poison and destroy My brothers. And you will know My name is the Lord when I lay My vengeance upon thee.</p>\r\n", "metadata": null}}, {"pk": 5, "model": "fiber.contentitem", "fields": {"content_markup": "", "updated": "2014-02-04T22:57:01.316Z", "name": "about_content", "created": "2014-02-04T20:50:02.051Z", "template_name": "", "used_on_pages_data": "[{\"url\": \"/about/\", \"title\": \"About\"}]", "protected": false, "content_html": "<p>Main content for the about page. This page features side navigation content, also dynamically generated from content items in the database.</p>\r\n\r\n<p><!-- start slipsum code -->Well, the way they make shows is, they make one show. That show&#39;s called a pilot. Then they show that show to the people who make shows, and on the strength of that one show they decide if they&#39;re going to make more shows. Some pilots get picked and become television programs. Some don&#39;t, become nothing. She starred in one of the ones that became nothing. <!-- please do not remove this line --></p>\r\n\r\n<div style=\"display:none;\"><a href=\"http://slipsum.com\">lorem ipsum</a></div>\r\n<!-- end slipsum code -->\r\n\r\n<p>&nbsp;</p>\r\n", "metadata": null}}, {"pk": 6, "model": "fiber.contentitem", "fields": {"content_markup": "", "updated": "2014-02-04T22:55:27.888Z", "name": "aside_content", "created": "2014-02-04T22:55:18.370Z", "template_name": "", "used_on_pages_data": "[{\"url\": \"/\", \"title\": \"Home\"}]", "protected": false, "content_html": "<p>Example aside content for the sidebar.\r\n\r\nNow that we know who you are, I know who I am. I'm not a mistake! It all makes sense! In a comic, you know how you can tell who the arch-villain's going to be? He's the exact opposite of the hero. And most times they're friends, like you and me! I should've known way back when... You know why, David? Because of the kids. They called me Mr Glass.\r\n\r\n<!-- please do not remove this line -->\r\n\r\n<div style=\"display:none;\">\r\n<a href=\"http://slipsum.com\">lorem ipsum</a></div>\r\n\r\n<!-- end slipsum code -->\r\n\r\n", "metadata": null}}, {"pk": 1, "model": "fiber.page", "fields": {"meta_description": "", "rght": 44, "updated": "2014-02-04T19:36:15.556Z", "meta_keywords": "", "level": 0, "parent": null, "title": "mainmenu", "url": "", "template_name": "", "created": "2014-02-04T19:36:15.556Z", "mark_current_regexes": "", "redirect_page": null, "lft": 1, "protected": false, "tree_id": 1, "doc_title": "", "is_public": true, "show_in_menu": true, "metadata": null}}, {"pk": 2, "model": "fiber.page", "fields": {"meta_description": "", "rght": 5, "updated": "2014-02-04T20:46:36.070Z", "meta_keywords": "", "level": 1, "parent": 1, "title": "Home", "url": "/", "template_name": "", "created": "2014-02-04T19:37:30.112Z", "mark_current_regexes": "", "redirect_page": null, "lft": 2, "protected": false, "tree_id": 1, "doc_title": "", "is_public": true, "show_in_menu": true, "metadata": null}}, {"pk": 3, "model": "fiber.page", "fields": {"meta_description": "", "rght": 11, "updated": "2014-02-04T19:52:55.191Z", "meta_keywords": "", "level": 1, "parent": 1, "title": "About", "url": "about", "template_name": "", "created": "2014-02-04T19:38:42.751Z", "mark_current_regexes": "", "redirect_page": null, "lft": 6, "protected": false, "tree_id": 1, "doc_title": "", "is_public": true, "show_in_menu": true, "metadata": null}}, {"pk": 4, "model": "fiber.page", "fields": {"meta_description": "", "rght": 19, "updated": "2014-02-04T19:53:06.260Z", "meta_keywords": "", "level": 1, "parent": 1, "title": "Workshops", "url": "workshops", "template_name": "", "created": "2014-02-04T19:39:04.003Z", "mark_current_regexes": "", "redirect_page": null, "lft": 12, "protected": false, "tree_id": 1, "doc_title": "", "is_public": true, "show_in_menu": true, "metadata": null}}, {"pk": 5, "model": "fiber.page", "fields": {"meta_description": "", "rght": 31, "updated": "2014-02-04T19:53:13.992Z", "meta_keywords": "", "level": 1, "parent": 1, "title": "Data", "url": "data", "template_name": "", "created": "2014-02-04T19:39:44.427Z", "mark_current_regexes": "", "redirect_page": null, "lft": 20, "protected": false, "tree_id": 1, "doc_title": "", "is_public": true, "show_in_menu": true, "metadata": null}}, {"pk": 6, "model": "fiber.page", "fields": {"meta_description": "", "rght": 33, "updated": "2014-02-04T19:53:22.141Z", "meta_keywords": "", "level": 1, "parent": 1, "title": "Tools", "url": "tools", "template_name": "", "created": "2014-02-04T19:40:14.284Z", "mark_current_regexes": "", "redirect_page": null, "lft": 32, "protected": false, "tree_id": 1, "doc_title": "", "is_public": true, "show_in_menu": true, "metadata": null}}, {"pk": 7, "model": "fiber.page", "fields": {"meta_description": "", "rght": 41, "updated": "2014-02-04T19:55:24.747Z", "meta_keywords": "", "level": 1, "parent": 1, "title": "Standards", "url": "standards", "template_name": "", "created": "2014-02-04T19:40:27.353Z", "mark_current_regexes": "", "redirect_page": null, "lft": 34, "protected": false, "tree_id": 1, "doc_title": "", "is_public": true, "show_in_menu": true, "metadata": null}}, {"pk": 8, "model": "fiber.page", "fields": {"meta_description": "", "rght": 8, "updated": "2014-02-04T19:43:04.888Z", "meta_keywords": "", "level": 2, "parent": 3, "title": "Our Mission", "url": "mission", "template_name": "", "created": "2014-02-04T19:43:04.888Z", "mark_current_regexes": "", "redirect_page": null, "lft": 7, "protected": false, "tree_id": 1, "doc_title": "", "is_public": true, "show_in_menu": true, "metadata": null}}, {"pk": 9, "model": "fiber.page", "fields": {"meta_description": "", "rght": 14, "updated": "2014-02-04T19:44:59.834Z", "meta_keywords": "", "level": 2, "parent": 4, "title": "Honolulu 2013", "url": "honolulu_2013", "template_name": "", "created": "2014-02-04T19:44:59.834Z", "mark_current_regexes": "", "redirect_page": null, "lft": 13, "protected": false, "tree_id": 1, "doc_title": "", "is_public": true, "show_in_menu": true, "metadata": null}}, {"pk": 10, "model": "fiber.page", "fields": {"meta_description": "", "rght": 16, "updated": "2014-02-04T19:51:50.580Z", "meta_keywords": "", "level": 2, "parent": 4, "title": "Austin 2013", "url": "austin_2013", "template_name": "", "created": "2014-02-04T19:45:23.548Z", "mark_current_regexes": "", "redirect_page": null, "lft": 15, "protected": false, "tree_id": 1, "doc_title": "", "is_public": true, "show_in_menu": true, "metadata": null}}, {"pk": 11, "model": "fiber.page", "fields": {"meta_description": "", "rght": 22, "updated": "2014-02-04T19:47:01.140Z", "meta_keywords": "", "level": 2, "parent": 5, "title": "Human Origins Sites", "url": "human_origins", "template_name": "", "created": "2014-02-04T19:47:01.140Z", "mark_current_regexes": "", "redirect_page": null, "lft": 21, "protected": false, "tree_id": 1, "doc_title": "", "is_public": true, "show_in_menu": true, "metadata": null}}, {"pk": 12, "model": "fiber.page", "fields": {"meta_description": "", "rght": 24, "updated": "2014-02-04T19:47:17.296Z", "meta_keywords": "", "level": 2, "parent": 5, "title": "Dikika Research Project", "url": "drp", "template_name": "", "created": "2014-02-04T19:47:17.296Z", "mark_current_regexes": "", "redirect_page": null, "lft": 23, "protected": false, "tree_id": 1, "doc_title": "", "is_public": true, "show_in_menu": true, "metadata": null}}, {"pk": 13, "model": "fiber.page", "fields": {"meta_description": "", "rght": 26, "updated": "2014-02-04T19:47:36.050Z", "meta_keywords": "", "level": 2, "parent": 5, "title": "Hadar Research Project", "url": "hrp", "template_name": "", "created": "2014-02-04T19:47:36.050Z", "mark_current_regexes": "", "redirect_page": null, "lft": 25, "protected": false, "tree_id": 1, "doc_title": "", "is_public": true, "show_in_menu": true, "metadata": null}}, {"pk": 14, "model": "fiber.page", "fields": {"meta_description": "", "rght": 28, "updated": "2014-02-04T19:48:17.126Z", "meta_keywords": "", "level": 2, "parent": 5, "title": "Mille-Logya Project", "url": "mlp", "template_name": "", "created": "2014-02-04T19:48:17.126Z", "mark_current_regexes": "", "redirect_page": null, "lft": 27, "protected": false, "tree_id": 1, "doc_title": "", "is_public": true, "show_in_menu": true, "metadata": null}}, {"pk": 15, "model": "fiber.page", "fields": {"meta_description": "", "rght": 30, "updated": "2014-02-04T19:50:04.527Z", "meta_keywords": "", "level": 2, "parent": 5, "title": "La Grotte des Contrebandiers", "url": "contrebandiers", "template_name": "", "created": "2014-02-04T19:50:04.527Z", "mark_current_regexes": "", "redirect_page": null, "lft": 29, "protected": false, "tree_id": 1, "doc_title": "", "is_public": true, "show_in_menu": true, "metadata": null}}, {"pk": 16, "model": "fiber.page", "fields": {"meta_description": "", "rght": 18, "updated": "2014-02-04T19:51:38.780Z", "meta_keywords": "", "level": 2, "parent": 4, "title": "Nairobi 2014", "url": "nairobi_2014", "template_name": "", "created": "2014-02-04T19:51:38.780Z", "mark_current_regexes": "", "redirect_page": null, "lft": 17, "protected": false, "tree_id": 1, "doc_title": "", "is_public": true, "show_in_menu": true, "metadata": null}}, {"pk": 17, "model": "fiber.page", "fields": {"meta_description": "", "rght": 36, "updated": "2014-02-04T19:54:32.447Z", "meta_keywords": "", "level": 2, "parent": 7, "title": "Dublin Core", "url": "dc", "template_name": "", "created": "2014-02-04T19:54:32.447Z", "mark_current_regexes": "", "redirect_page": null, "lft": 35, "protected": false, "tree_id": 1, "doc_title": "", "is_public": true, "show_in_menu": true, "metadata": null}}, {"pk": 18, "model": "fiber.page", "fields": {"meta_description": "", "rght": 38, "updated": "2014-02-04T19:54:43.481Z", "meta_keywords": "", "level": 2, "parent": 7, "title": "Darwin Core", "url": "dwc", "template_name": "", "created": "2014-02-04T19:54:43.481Z", "mark_current_regexes": "", "redirect_page": null, "lft": 37, "protected": false, "tree_id": 1, "doc_title": "", "is_public": true, "show_in_menu": true, "metadata": null}}, {"pk": 19, "model": "fiber.page", "fields": {"meta_description": "", "rght": 40, "updated": "2014-02-04T19:55:04.879Z", "meta_keywords": "", "level": 2, "parent": 7, "title": "PaleoCore", "url": "pc", "template_name": "", "created": "2014-02-04T19:55:04.879Z", "mark_current_regexes": "", "redirect_page": null, "lft": 39, "protected": false, "tree_id": 1, "doc_title": "", "is_public": true, "show_in_menu": true, "metadata": null}}, {"pk": 20, "model": "fiber.page", "fields": {"meta_description": "", "rght": 10, "updated": "2014-02-04T19:58:42.518Z", "meta_keywords": "", "level": 2, "parent": 3, "title": "PaleoCore Team", "url": "team", "template_name": "", "created": "2014-02-04T19:58:42.518Z", "mark_current_regexes": "", "redirect_page": null, "lft": 9, "protected": false, "tree_id": 1, "doc_title": "", "is_public": true, "show_in_menu": true, "metadata": null}}, {"pk": 21, "model": "fiber.page", "fields": {"meta_description": "", "rght": 43, "updated": "2014-02-04T23:12:06.748Z", "meta_keywords": "", "level": 1, "parent": 1, "title": "Polls", "url": "polls", "template_name": "", "created": "2014-02-04T23:12:06.748Z", "mark_current_regexes": "", "redirect_page": null, "lft": 42, "protected": false, "tree_id": 1, "doc_title": "", "is_public": true, "show_in_menu": true, "metadata": null}}, {"pk": 1, "model": "fiber.pagecontentitem", "fields": {"sort": null, "block_name": "address", "content_item": 3, "page": 2}}, {"pk": 2, "model": "fiber.pagecontentitem", "fields": {"sort": null, "block_name": "main", "content_item": 4, "page": 2}}, {"pk": 4, "model": "fiber.pagecontentitem", "fields": {"sort": 0, "block_name": "main", "content_item": 5, "page": 3}}, {"pk": 5, "model": "fiber.pagecontentitem", "fields": {"sort": 0, "block_name": "aside", "content_item": 6, "page": 2}}, {"pk": 1, "model": "polls.poll", "fields": {"pub_date": "2014-01-20T20:11:25Z", "question": "I like tomatoes"}}, {"pk": 2, "model": "polls.poll", "fields": {"pub_date": "2014-01-25T10:10:54Z", "question": "Who Sucks More?"}}, {"pk": 3, "model": "polls.poll", "fields": {"pub_date": "2014-01-28T11:25:44Z", "question": "Paper or plastic?"}}, {"pk": 4, "model": "polls.poll", "fields": {"pub_date": "2014-01-25T18:07:51Z", "question": "Who is your favorite Beatle?"}}, {"pk": 1, "model": "polls.choice", "fields": {"choice_text": "So do I", "poll": 1, "votes": 1}}, {"pk": 2, "model": "polls.choice", "fields": {"choice_text": "Yuck!", "poll": 1, "votes": 0}}, {"pk": 3, "model": "polls.choice", "fields": {"choice_text": "Whatever", "poll": 1, "votes": 1}}, {"pk": 4, "model": "polls.choice", "fields": {"choice_text": "Dick Cheney", "poll": 2, "votes": 1}}, {"pk": 5, "model": "polls.choice", "fields": {"choice_text": "Kanye West", "poll": 2, "votes": 1}}, {"pk": 6, "model": "polls.choice", "fields": {"choice_text": "Justin Bieber", "poll": 2, "votes": 0}}, {"pk": 7, "model": "polls.choice", "fields": {"choice_text": "Congress", "poll": 2, "votes": 2}}, {"pk": 8, "model": "polls.choice", "fields": {"choice_text": "Paper", "poll": 3, "votes": 0}}, {"pk": 9, "model": "polls.choice", "fields": {"choice_text": "Plastic", "poll": 3, "votes": 0}}, {"pk": 10, "model": "polls.choice", "fields": {"choice_text": "They both suck", "poll": 3, "votes": 1}}, {"pk": 11, "model": "polls.choice", "fields": {"choice_text": "John", "poll": 4, "votes": 0}}, {"pk": 12, "model": "polls.choice", "fields": {"choice_text": "George", "poll": 4, "votes": 1}}, {"pk": 13, "model": "polls.choice", "fields": {"choice_text": "Paul", "poll": 4, "votes": 1}}, {"pk": 14, "model": "polls.choice", "fields": {"choice_text": "Ringo", "poll": 4, "votes": 0}}, {"pk": 1, "model": "auth.permission", "fields": {"codename": "add_logentry", "name": "Can add log entry", "content_type": 1}}, {"pk": 2, "model": "auth.permission", "fields": {"codename": "change_logentry", "name": "Can change log entry", "content_type": 1}}, {"pk": 3, "model": "auth.permission", "fields": {"codename": "delete_logentry", "name": "Can delete log entry", "content_type": 1}}, {"pk": 4, "model": "auth.permission", "fields": {"codename": "add_permission", "name": "Can add permission", "content_type": 2}}, {"pk": 5, "model": "auth.permission", "fields": {"codename": "change_permission", "name": "Can change permission", "content_type": 2}}, {"pk": 6, "model": "auth.permission", "fields": {"codename": "delete_permission", "name": "Can delete permission", "content_type": 2}}, {"pk": 7, "model": "auth.permission", "fields": {"codename": "add_group", "name": "Can add group", "content_type": 3}}, {"pk": 8, "model": "auth.permission", "fields": {"codename": "change_group", "name": "Can change group", "content_type": 3}}, {"pk": 9, "model": "auth.permission", "fields": {"codename": "delete_group", "name": "Can delete group", "content_type": 3}}, {"pk": 10, "model": "auth.permission", "fields": {"codename": "add_user", "name": "Can add user", "content_type": 4}}, {"pk": 11, "model": "auth.permission", "fields": {"codename": "change_user", "name": "Can change user", "content_type": 4}}, {"pk": 12, "model": "auth.permission", "fields": {"codename": "delete_user", "name": "Can delete user", "content_type": 4}}, {"pk": 13, "model": "auth.permission", "fields": {"codename": "add_contenttype", "name": "Can add content type", "content_type": 5}}, {"pk": 14, "model": "auth.permission", "fields": {"codename": "change_contenttype", "name": "Can change content type", "content_type": 5}}, {"pk": 15, "model": "auth.permission", "fields": {"codename": "delete_contenttype", "name": "Can delete content type", "content_type": 5}}, {"pk": 16, "model": "auth.permission", "fields": {"codename": "add_session", "name": "Can add session", "content_type": 6}}, {"pk": 17, "model": "auth.permission", "fields": {"codename": "change_session", "name": "Can change session", "content_type": 6}}, {"pk": 18, "model": "auth.permission", "fields": {"codename": "delete_session", "name": "Can delete session", "content_type": 6}}, {"pk": 19, "model": "auth.permission", "fields": {"codename": "add_poll", "name": "Can add poll", "content_type": 7}}, {"pk": 20, "model": "auth.permission", "fields": {"codename": "change_poll", "name": "Can change poll", "content_type": 7}}, {"pk": 21, "model": "auth.permission", "fields": {"codename": "delete_poll", "name": "Can delete poll", "content_type": 7}}, {"pk": 22, "model": "auth.permission", "fields": {"codename": "add_choice", "name": "Can add choice", "content_type": 8}}, {"pk": 23, "model": "auth.permission", "fields": {"codename": "change_choice", "name": "Can change choice", "content_type": 8}}, {"pk": 24, "model": "auth.permission", "fields": {"codename": "delete_choice", "name": "Can delete choice", "content_type": 8}}, {"pk": 25, "model": "auth.permission", "fields": {"codename": "add_source", "name": "Can add source", "content_type": 9}}, {"pk": 26, "model": "auth.permission", "fields": {"codename": "change_source", "name": "Can change source", "content_type": 9}}, {"pk": 27, "model": "auth.permission", "fields": {"codename": "delete_source", "name": "Can delete source", "content_type": 9}}, {"pk": 28, "model": "auth.permission", "fields": {"codename": "add_thumbnail", "name": "Can add thumbnail", "content_type": 10}}, {"pk": 29, "model": "auth.permission", "fields": {"codename": "change_thumbnail", "name": "Can change thumbnail", "content_type": 10}}, {"pk": 30, "model": "auth.permission", "fields": {"codename": "delete_thumbnail", "name": "Can delete thumbnail", "content_type": 10}}, {"pk": 31, "model": "auth.permission", "fields": {"codename": "add_contentitem", "name": "Can add content item", "content_type": 11}}, {"pk": 32, "model": "auth.permission", "fields": {"codename": "change_contentitem", "name": "Can change content item", "content_type": 11}}, {"pk": 33, "model": "auth.permission", "fields": {"codename": "delete_contentitem", "name": "Can delete content item", "content_type": 11}}, {"pk": 34, "model": "auth.permission", "fields": {"codename": "add_page", "name": "Can add page", "content_type": 12}}, {"pk": 35, "model": "auth.permission", "fields": {"codename": "change_page", "name": "Can change page", "content_type": 12}}, {"pk": 36, "model": "auth.permission", "fields": {"codename": "delete_page", "name": "Can delete page", "content_type": 12}}, {"pk": 37, "model": "auth.permission", "fields": {"codename": "add_pagecontentitem", "name": "Can add page content item", "content_type": 13}}, {"pk": 38, "model": "auth.permission", "fields": {"codename": "change_pagecontentitem", "name": "Can change page content item", "content_type": 13}}, {"pk": 39, "model": "auth.permission", "fields": {"codename": "delete_pagecontentitem", "name": "Can delete page content item", "content_type": 13}}, {"pk": 40, "model": "auth.permission", "fields": {"codename": "add_image", "name": "Can add image", "content_type": 14}}, {"pk": 41, "model": "auth.permission", "fields": {"codename": "change_image", "name": "Can change image", "content_type": 14}}, {"pk": 42, "model": "auth.permission", "fields": {"codename": "delete_image", "name": "Can delete image", "content_type": 14}}, {"pk": 43, "model": "auth.permission", "fields": {"codename": "add_file", "name": "Can add file", "content_type": 15}}, {"pk": 44, "model": "auth.permission", "fields": {"codename": "change_file", "name": "Can change file", "content_type": 15}}, {"pk": 45, "model": "auth.permission", "fields": {"codename": "delete_file", "name": "Can delete file", "content_type": 15}}, {"pk": 2, "model": "auth.user", "fields": {"username": "admin", "first_name": "", "last_name": "", "is_active": true, "is_superuser": true, "is_staff": true, "last_login": "2014-02-04T23:11:30.989Z", "groups": [], "user_permissions": [], "password": "pbkdf2_sha256$12000$AqnuQ3Zge8xv$H5SumqRl2LPStW4Mng95+T8oRznNJu4sgcKWd5k3d8A=", "email": "", "date_joined": "2014-02-01T18:48:32Z"}}, {"pk": 1, "model": "admin.logentry", "fields": {"action_flag": 1, "action_time": "2014-02-04T19:36:15.557Z", "object_repr": "mainmenu", "object_id": "1", "change_message": "", "user": 2, "content_type": 12}}, {"pk": 2, "model": "admin.logentry", "fields": {"action_flag": 1, "action_time": "2014-02-04T19:37:30.113Z", "object_repr": "Home", "object_id": "2", "change_message": "", "user": 2, "content_type": 12}}, {"pk": 3, "model": "admin.logentry", "fields": {"action_flag": 1, "action_time": "2014-02-04T19:38:42.752Z", "object_repr": "About", "object_id": "3", "change_message": "", "user": 2, "content_type": 12}}, {"pk": 4, "model": "admin.logentry", "fields": {"action_flag": 1, "action_time": "2014-02-04T19:39:04.004Z", "object_repr": "workshops", "object_id": "4", "change_message": "", "user": 2, "content_type": 12}}, {"pk": 5, "model": "admin.logentry", "fields": {"action_flag": 2, "action_time": "2014-02-04T19:39:11.709Z", "object_repr": "Workshops", "object_id": "4", "change_message": "Changed title.", "user": 2, "content_type": 12}}, {"pk": 6, "model": "admin.logentry", "fields": {"action_flag": 1, "action_time": "2014-02-04T19:39:44.428Z", "object_repr": "Data", "object_id": "5", "change_message": "", "user": 2, "content_type": 12}}, {"pk": 7, "model": "admin.logentry", "fields": {"action_flag": 1, "action_time": "2014-02-04T19:40:14.285Z", "object_repr": "Tools", "object_id": "6", "change_message": "", "user": 2, "content_type": 12}}, {"pk": 8, "model": "admin.logentry", "fields": {"action_flag": 1, "action_time": "2014-02-04T19:40:27.354Z", "object_repr": "Standard", "object_id": "7", "change_message": "", "user": 2, "content_type": 12}}, {"pk": 9, "model": "admin.logentry", "fields": {"action_flag": 1, "action_time": "2014-02-04T19:41:50.069Z", "object_repr": "Our Mission", "object_id": "8", "change_message": "", "user": 2, "content_type": 12}}, {"pk": 10, "model": "admin.logentry", "fields": {"action_flag": 3, "action_time": "2014-02-04T19:42:52.676Z", "object_repr": "Our Mission", "object_id": "8", "change_message": "", "user": 2, "content_type": 12}}, {"pk": 11, "model": "admin.logentry", "fields": {"action_flag": 1, "action_time": "2014-02-04T19:43:04.889Z", "object_repr": "Our Mission", "object_id": "8", "change_message": "", "user": 2, "content_type": 12}}, {"pk": 12, "model": "admin.logentry", "fields": {"action_flag": 1, "action_time": "2014-02-04T19:44:59.835Z", "object_repr": "Honolulu 2013", "object_id": "9", "change_message": "", "user": 2, "content_type": 12}}, {"pk": 13, "model": "admin.logentry", "fields": {"action_flag": 1, "action_time": "2014-02-04T19:45:23.549Z", "object_repr": "Austin 2014", "object_id": "10", "change_message": "", "user": 2, "content_type": 12}}, {"pk": 14, "model": "admin.logentry", "fields": {"action_flag": 2, "action_time": "2014-02-04T19:45:44.326Z", "object_repr": "Austin 2014", "object_id": "10", "change_message": "Changed parent.", "user": 2, "content_type": 12}}, {"pk": 15, "model": "admin.logentry", "fields": {"action_flag": 2, "action_time": "2014-02-04T19:45:56.543Z", "object_repr": "Austin 2014", "object_id": "10", "change_message": "Changed url and template_name.", "user": 2, "content_type": 12}}, {"pk": 16, "model": "admin.logentry", "fields": {"action_flag": 1, "action_time": "2014-02-04T19:47:01.141Z", "object_repr": "Human Origins Sites", "object_id": "11", "change_message": "", "user": 2, "content_type": 12}}, {"pk": 17, "model": "admin.logentry", "fields": {"action_flag": 1, "action_time": "2014-02-04T19:47:17.297Z", "object_repr": "Dikika Research Project", "object_id": "12", "change_message": "", "user": 2, "content_type": 12}}, {"pk": 18, "model": "admin.logentry", "fields": {"action_flag": 1, "action_time": "2014-02-04T19:47:36.051Z", "object_repr": "Hadar Research Project", "object_id": "13", "change_message": "", "user": 2, "content_type": 12}}, {"pk": 19, "model": "admin.logentry", "fields": {"action_flag": 1, "action_time": "2014-02-04T19:48:17.127Z", "object_repr": "Mille-Logya Project", "object_id": "14", "change_message": "", "user": 2, "content_type": 12}}, {"pk": 20, "model": "admin.logentry", "fields": {"action_flag": 1, "action_time": "2014-02-04T19:50:04.528Z", "object_repr": "La Grotte des Contrebandiers", "object_id": "15", "change_message": "", "user": 2, "content_type": 12}}, {"pk": 21, "model": "admin.logentry", "fields": {"action_flag": 1, "action_time": "2014-02-04T19:51:38.781Z", "object_repr": "Nairobi 2014", "object_id": "16", "change_message": "", "user": 2, "content_type": 12}}, {"pk": 22, "model": "admin.logentry", "fields": {"action_flag": 2, "action_time": "2014-02-04T19:51:50.582Z", "object_repr": "Austin 2013", "object_id": "10", "change_message": "Changed title and url.", "user": 2, "content_type": 12}}, {"pk": 23, "model": "admin.logentry", "fields": {"action_flag": 2, "action_time": "2014-02-04T19:52:55.192Z", "object_repr": "About", "object_id": "3", "change_message": "Changed url.", "user": 2, "content_type": 12}}, {"pk": 24, "model": "admin.logentry", "fields": {"action_flag": 2, "action_time": "2014-02-04T19:53:06.262Z", "object_repr": "Workshops", "object_id": "4", "change_message": "Changed url.", "user": 2, "content_type": 12}}, {"pk": 25, "model": "admin.logentry", "fields": {"action_flag": 2, "action_time": "2014-02-04T19:53:13.994Z", "object_repr": "Data", "object_id": "5", "change_message": "Changed url.", "user": 2, "content_type": 12}}, {"pk": 26, "model": "admin.logentry", "fields": {"action_flag": 2, "action_time": "2014-02-04T19:53:22.143Z", "object_repr": "Tools", "object_id": "6", "change_message": "Changed url.", "user": 2, "content_type": 12}}, {"pk": 27, "model": "admin.logentry", "fields": {"action_flag": 2, "action_time": "2014-02-04T19:53:30.402Z", "object_repr": "Standard", "object_id": "7", "change_message": "Changed url.", "user": 2, "content_type": 12}}, {"pk": 28, "model": "admin.logentry", "fields": {"action_flag": 1, "action_time": "2014-02-04T19:54:32.448Z", "object_repr": "Dublin Core", "object_id": "17", "change_message": "", "user": 2, "content_type": 12}}, {"pk": 29, "model": "admin.logentry", "fields": {"action_flag": 1, "action_time": "2014-02-04T19:54:43.482Z", "object_repr": "Darwin Core", "object_id": "18", "change_message": "", "user": 2, "content_type": 12}}, {"pk": 30, "model": "admin.logentry", "fields": {"action_flag": 1, "action_time": "2014-02-04T19:55:04.880Z", "object_repr": "PaleoCore", "object_id": "19", "change_message": "", "user": 2, "content_type": 12}}, {"pk": 31, "model": "admin.logentry", "fields": {"action_flag": 2, "action_time": "2014-02-04T19:55:24.749Z", "object_repr": "Standards", "object_id": "7", "change_message": "Changed title and url.", "user": 2, "content_type": 12}}, {"pk": 32, "model": "admin.logentry", "fields": {"action_flag": 1, "action_time": "2014-02-04T19:58:42.519Z", "object_repr": "PaleoCore Team", "object_id": "20", "change_message": "", "user": 2, "content_type": 12}}, {"pk": 33, "model": "admin.logentry", "fields": {"action_flag": 1, "action_time": "2014-02-04T20:26:29.525Z", "object_repr": "home_col1_title", "object_id": "1", "change_message": "", "user": 2, "content_type": 11}}, {"pk": 34, "model": "admin.logentry", "fields": {"action_flag": 1, "action_time": "2014-02-04T20:27:45.313Z", "object_repr": "home_col1_stub", "object_id": "2", "change_message": "", "user": 2, "content_type": 11}}, {"pk": 35, "model": "admin.logentry", "fields": {"action_flag": 1, "action_time": "2014-02-04T20:29:41.676Z", "object_repr": "address", "object_id": "3", "change_message": "", "user": 2, "content_type": 11}}, {"pk": 36, "model": "admin.logentry", "fields": {"action_flag": 2, "action_time": "2014-02-04T20:29:47.418Z", "object_repr": "Home", "object_id": "2", "change_message": "Added page content item \"PageContentItem object\".", "user": 2, "content_type": 12}}, {"pk": 37, "model": "admin.logentry", "fields": {"action_flag": 1, "action_time": "2014-02-04T20:46:13.421Z", "object_repr": "home_content", "object_id": "4", "change_message": "", "user": 2, "content_type": 11}}, {"pk": 38, "model": "admin.logentry", "fields": {"action_flag": 2, "action_time": "2014-02-04T20:46:36.074Z", "object_repr": "Home", "object_id": "2", "change_message": "Added page content item \"PageContentItem object\".", "user": 2, "content_type": 12}}, {"pk": 39, "model": "admin.logentry", "fields": {"action_flag": 1, "action_time": "2014-02-04T20:50:02.052Z", "object_repr": "about_content", "object_id": "5", "change_message": "", "user": 2, "content_type": 11}}, {"pk": 40, "model": "admin.logentry", "fields": {"action_flag": 2, "action_time": "2014-02-04T22:52:35.308Z", "object_repr": "home_content", "object_id": "4", "change_message": "Changed content_html.", "user": 2, "content_type": 11}}, {"pk": 41, "model": "admin.logentry", "fields": {"action_flag": 2, "action_time": "2014-02-04T22:53:29.257Z", "object_repr": "address", "object_id": "3", "change_message": "Changed content_html.", "user": 2, "content_type": 11}}, {"pk": 42, "model": "admin.logentry", "fields": {"action_flag": 1, "action_time": "2014-02-04T22:55:18.371Z", "object_repr": "aside_content", "object_id": "6", "change_message": "", "user": 2, "content_type": 11}}, {"pk": 43, "model": "admin.logentry", "fields": {"action_flag": 2, "action_time": "2014-02-04T22:57:01.317Z", "object_repr": "about_content", "object_id": "5", "change_message": "Changed content_html.", "user": 2, "content_type": 11}}, {"pk": 44, "model": "admin.logentry", "fields": {"action_flag": 1, "action_time": "2014-02-04T23:12:06.749Z", "object_repr": "Polls", "object_id": "21", "change_message": "", "user": 2, "content_type": 12}}, {"pk": 45, "model": "admin.logentry", "fields": {"action_flag": 2, "action_time": "2014-02-04T23:13:38.515Z", "object_repr": "home_content", "object_id": "4", "change_message": "Changed content_html.", "user": 2, "content_type": 11}}]